{"cameraMode":{"drawMode":0,"name":"Shaded","section":"Shading Mode"},"sceneLighting":false,"audioPlay":false,"sceneViewState":{"m_AlwaysRefresh":false,"showFog":true,"showSkybox":false,"showFlares":true,"showImageEffects":true,"showParticleSystems":true,"showVisualEffectGraphs":true,"m_FxEnabled":true},"in2DMode":false,"pivot":{"x":-0.14328566193580628,"y":1.6038525104522706,"z":-5.960464477539063e-8},"rotation":{"x":0.048914629966020587,"y":0.4329735338687897,"z":-0.02353646233677864,"w":0.8997766375541687},"size":1.825669288635254,"orthographic":false}